klient_id,imie,nazwisko,miasto_rodzinne,data_urodzenia,segment_klienta
1,Anna,Woźniak,Orzesze,1996-01-18,Standard
2,Tomasz,Kowalski,Gliwice,1976-06-07,Standard
3,Natalia,Król,Rybnik,2001-03-30,Standard
4,Michał,Majewski,Rybnik,1955-09-25,Standard
5,Barbara,Jabłońska,Rybnik,1978-10-11,Standard
6,Krystyna,Stępień,Mikołów,2002-12-24,Standard
7,Marek,Dudek,Mikołów,1990-03-01,Standard
8,Michał,Zając,Tychy,1963-12-12,Standard
9,Aleksandra,Rutkowska,Chorzów,1998-03-01,Premium
10,Krystyna,Krawczyk,Orzesze,1997-12-14,Standard
11,Mateusz,Jabłoński,Mikołów,1987-03-03,Standard
12,Krzysztof,Wieczorek,Katowice,1989-01-29,Standard
13,Tomasz,Krawczyk,Tychy,1974-10-26,Standard
14,Kamil,Król,Zabrze,1984-10-09,Standard
15,Karolina,Nowak,Chorzów,1965-12-03,Standard
16,Kamil,Michalski,Mikołów,1972-07-11,VIP
17,Ewa,Olszewska,Rybnik,2002-08-24,VIP
18,Barbara,Walczak,Rybnik,1963-01-31,Standard
19,Zofia,Kaczmarek,Gliwice,1967-06-19,Standard
20,Tomasz,Olszewski,Rybnik,1957-08-10,Premium
21,Tomasz,Wróbel,Bytom,1993-05-27,Standard
22,Adam,Król,Gliwice,1991-11-24,Standard
23,Adam,Kaczmarek,Gliwice,1971-06-25,Standard
24,Karolina,Jaworska,Mikołów,1997-11-15,Standard
25,Mateusz,Majewski,Rybnik,1970-01-25,Standard
26,Ewa,Mazur,Mikołów,1992-12-03,Standard
27,Mateusz,Wieczorek,Tychy,1998-06-12,Standard
28,Tomasz,Rutkowski,Zabrze,2007-08-01,Standard
29,Adam,Witkowski,Katowice,1970-12-20,Standard
30,Natalia,Majewska,Zabrze,2000-03-16,Standard
31,Karolina,Wójcik,Bytom,1996-04-04,Standard
32,Piotr,Walczak,Mikołów,1974-05-10,VIP
33,Barbara,Michalska,Chorzów,1996-10-31,Premium
34,Aleksandra,Mazur,Rybnik,1963-09-28,Standard
35,Aleksandra,Walczak,Chorzów,2007-08-11,Standard
36,Jan,Olszewski,Sosnowiec,1987-05-24,Standard
37,Zofia,Walczak,Bytom,1965-01-22,Premium
38,Jakub,Majewski,Mikołów,1986-08-22,Standard
39,Małgorzata,Krawczyk,Rybnik,2001-12-16,Standard
40,Adam,Wójcik,Rybnik,1992-12-25,Standard
41,Maria,Olszewska,Mikołów,1963-01-17,Standard
42,Małgorzata,Nowak,Rybnik,1978-05-30,Standard
43,Łukasz,Woźniak,Gliwice,1967-09-29,Standard
44,Łukasz,Majewski,Tychy,1974-02-12,Standard
45,Anna,Olszewska,Orzesze,1957-08-29,Premium
46,Barbara,Jabłońska,Mikołów,1970-10-10,Standard
47,Paweł,Stępień,Katowice,1965-08-19,Standard
48,Kamil,Stępień,Gliwice,1981-12-26,Premium
49,Michał,Woźniak,Bytom,1979-04-01,Standard
50,Zofia,Majewska,Zabrze,1962-03-13,Standard
51,Mateusz,Król,Bytom,1999-08-27,Premium
52,Jakub,Witkowski,Mikołów,1963-06-04,Standard
53,Łukasz,Wróbel,Mikołów,1975-04-03,Standard
54,Jan,Rutkowski,Mikołów,1963-04-27,Standard
55,Elżbieta,Pawłowska,Tychy,1985-09-18,Standard
56,Kamil,Majewski,Orzesze,1965-04-27,VIP
57,Katarzyna,Kaczmarek,Gliwice,1992-04-08,Standard
58,Krystyna,Pawłowska,Rybnik,1992-11-06,Standard
59,Łukasz,Adamczyk,Rybnik,1978-03-24,Standard
60,Maria,Jabłońska,Gliwice,1996-03-27,Standard
61,Mateusz,Wróbel,Chorzów,1966-11-15,Standard
62,Ewa,Witkowska,Bytom,1984-09-14,Standard
63,Elżbieta,Wróbel,Chorzów,1989-02-13,Standard
64,Katarzyna,Wójcik,Mikołów,2006-07-04,Standard
65,Magdalena,Kaczmarek,Chorzów,1986-03-16,Standard
66,Agnieszka,Dudek,Rybnik,1957-06-29,Standard
67,Agnieszka,Wójcik,Katowice,1999-04-17,Standard
68,Ewa,Wróbel,Katowice,1969-11-14,Standard
69,Michał,Król,Chorzów,2007-03-07,Standard
70,Elżbieta,Olszewska,Sosnowiec,1974-10-05,Standard
71,Natalia,Kaczmarek,Gliwice,1956-08-10,Standard
72,Piotr,Witkowski,Orzesze,2005-12-19,VIP
73,Marek,Woźniak,Zabrze,1968-09-21,Standard
74,Tomasz,Majewski,Mikołów,1972-08-19,Standard
75,Tomasz,Witkowski,Sosnowiec,1966-10-23,Standard
76,Zofia,Adamczyk,Gliwice,1970-04-05,Standard
77,Jakub,Mazur,Chorzów,1975-12-18,Standard
78,Andrzej,Walczak,Mikołów,1958-02-13,Standard
79,Tomasz,Witkowski,Sosnowiec,1992-08-19,Premium
80,Natalia,Krawczyk,Chorzów,1987-09-15,Standard
81,Barbara,Majewska,Katowice,1982-01-02,Premium
82,Karolina,Michalska,Sosnowiec,1959-08-24,Standard
83,Marek,Adamczyk,Katowice,1970-05-12,Standard
84,Karolina,Jabłońska,Chorzów,1955-09-07,Standard
85,Łukasz,Kaczmarek,Gliwice,1973-01-12,Standard
86,Kamil,Wróbel,Zabrze,1977-12-13,Standard
87,Katarzyna,Adamczyk,Zabrze,1992-02-01,Standard
88,Paweł,Michalski,Sosnowiec,1999-10-13,Standard
89,Barbara,Walczak,Sosnowiec,1973-10-19,Standard
90,Zofia,Dudek,Mikołów,1992-07-18,Standard
91,Paweł,Witkowski,Bytom,1997-05-13,Standard
92,Jakub,Dudek,Mikołów,2002-06-27,Premium
93,Krzysztof,Majewski,Mikołów,1989-06-05,Standard
94,Tomasz,Woźniak,Chorzów,2007-08-30,Premium
95,Aleksandra,Nowak,Bytom,1988-03-01,Standard
96,Karolina,Woźniak,Gliwice,2007-07-05,Standard
97,Łukasz,Wójcik,Gliwice,1975-04-04,Standard
98,Anna,Wróbel,Bytom,1955-02-16,Premium
99,Adam,Woźniak,Bytom,1998-09-27,Standard
100,Magdalena,Olszewska,Mikołów,1980-03-01,Standard
101,Jan,Majewski,Bytom,1972-07-23,Standard
102,Kamil,Zając,Mikołów,1970-06-21,Standard
103,Zofia,Pawłowska,Tychy,1973-03-14,Standard
104,Mateusz,Król,Gliwice,1993-05-05,Standard
105,Magdalena,Jabłońska,Mikołów,1958-02-08,Standard
106,Anna,Pawłowska,Mikołów,1975-07-15,Standard
107,Jan,Kaczmarek,Orzesze,1957-06-23,Standard
108,Agnieszka,Olszewska,Zabrze,1976-01-31,Standard
109,Maria,Michalska,Chorzów,1976-09-09,Standard
110,Krystyna,Król,Bytom,1985-10-29,Standard
111,Karolina,Pawłowska,Orzesze,1964-10-17,Standard
112,Mateusz,Jaworski,Sosnowiec,2000-03-23,VIP
113,Aleksandra,Malinowska,Sosnowiec,1973-03-26,Standard
114,Tomasz,Jaworski,Sosnowiec,1967-11-02,Standard
115,Marek,Jabłoński,Katowice,1988-02-21,Standard
116,Karolina,Kaczmarek,Orzesze,1964-02-16,VIP
117,Magdalena,Rutkowska,Zabrze,1980-03-08,Premium
118,Ewa,Nowak,Orzesze,2002-09-16,Standard
119,Elżbieta,Wróbel,Orzesze,1969-01-16,Standard
120,Katarzyna,Wieczorek,Mikołów,1979-09-18,Standard
121,Jan,Adamczyk,Zabrze,2005-09-12,Premium
122,Natalia,Woźniak,Katowice,1965-08-03,Standard
123,Ewa,Wróbel,Rybnik,1969-01-15,Standard
124,Katarzyna,Adamczyk,Katowice,1968-05-15,Standard
125,Andrzej,Jaworski,Sosnowiec,1965-12-07,Standard
126,Barbara,Pawłowska,Katowice,1979-05-08,Premium
127,Natalia,Kowalska,Mikołów,1971-04-29,Standard
128,Marcin,Jabłoński,Orzesze,2004-01-03,Standard
129,Michał,Kaczmarek,Bytom,1994-01-18,Standard
130,Magdalena,Jaworska,Tychy,1960-11-25,Standard
131,Jan,Olszewski,Sosnowiec,1992-08-12,Standard
132,Adam,Król,Rybnik,1970-01-05,Standard
133,Karolina,Witkowska,Zabrze,2002-06-18,Premium
134,Marcin,Jaworski,Katowice,1992-05-01,Standard
135,Karolina,Majewska,Orzesze,1988-05-02,Premium
136,Jan,Nowak,Sosnowiec,2003-08-31,VIP
137,Małgorzata,Zając,Sosnowiec,1995-05-04,Standard
138,Katarzyna,Kaczmarek,Katowice,1971-01-11,Standard
139,Zofia,Krawczyk,Sosnowiec,1973-04-15,Standard
140,Kamil,Król,Rybnik,2001-10-07,Premium
141,Anna,Jabłońska,Gliwice,1983-07-20,Standard
142,Marek,Majewski,Mikołów,1956-08-24,Premium
143,Karolina,Michalska,Zabrze,1985-03-21,Standard
144,Barbara,Jabłońska,Zabrze,1980-01-19,Standard
145,Katarzyna,Zając,Bytom,1994-09-18,Standard
146,Ewa,Mazur,Tychy,1988-02-22,Standard
147,Kamil,Adamczyk,Sosnowiec,1955-02-04,Standard
148,Krzysztof,Michalski,Sosnowiec,1996-04-02,Standard
149,Łukasz,Kowalski,Chorzów,1965-04-08,Standard
150,Elżbieta,Zając,Chorzów,1955-06-10,Premium
151,Ewa,Witkowska,Chorzów,1981-01-14,Premium
152,Łukasz,Malinowski,Rybnik,1986-08-07,Standard
153,Ewa,Olszewska,Gliwice,1962-12-04,Standard
154,Mateusz,Jabłoński,Zabrze,1969-12-06,Standard
155,Magdalena,Krawczyk,Orzesze,2005-04-20,Standard
156,Jan,Nowak,Katowice,1960-02-26,Standard
157,Krzysztof,Woźniak,Orzesze,1995-07-17,Standard
158,Magdalena,Jaworska,Sosnowiec,1984-07-08,Premium
159,Paweł,Walczak,Zabrze,2002-03-06,Standard
160,Mateusz,Wójcik,Katowice,1964-05-01,Standard
161,Piotr,Rutkowski,Orzesze,1963-04-24,Standard
162,Łukasz,Krawczyk,Chorzów,1981-06-11,Standard
163,Krzysztof,Król,Tychy,1981-08-19,Standard
164,Paweł,Kaczmarek,Mikołów,1964-02-19,VIP
165,Karolina,Wójcik,Katowice,1971-12-09,Standard
166,Jan,Król,Rybnik,1956-06-27,Standard
167,Andrzej,Pawłowski,Chorzów,2004-11-29,Standard
168,Barbara,Kowalska,Sosnowiec,1997-11-06,Premium
169,Anna,Majewska,Gliwice,1999-11-17,Standard
170,Łukasz,Kowalski,Orzesze,1982-10-07,Standard
171,Tomasz,Zając,Sosnowiec,1973-07-09,Standard
172,Jakub,Stępień,Rybnik,1970-04-04,Premium
173,Maria,Pawłowska,Orzesze,2003-11-20,Standard
174,Andrzej,Mazur,Bytom,1996-10-15,Standard
175,Ewa,Witkowska,Orzesze,1963-01-27,Premium
176,Magdalena,Majewska,Chorzów,1982-09-27,VIP
177,Barbara,Mazur,Sosnowiec,1974-10-18,Standard
178,Krzysztof,Kaczmarek,Gliwice,1990-02-22,Standard
179,Krystyna,Walczak,Sosnowiec,1973-04-03,Premium
180,Marek,Majewski,Chorzów,1989-10-08,Standard
181,Łukasz,Wieczorek,Tychy,1970-01-11,Standard
182,Marcin,Mazur,Gliwice,1987-05-01,Standard
183,Adam,Witkowski,Orzesze,1996-01-09,Premium
184,Elżbieta,Mazur,Gliwice,1970-11-23,Standard
185,Małgorzata,Krawczyk,Rybnik,1970-02-08,Standard
186,Jan,Krawczyk,Rybnik,2002-11-26,Standard
187,Michał,Stępień,Katowice,1981-09-29,Standard
188,Ewa,Zając,Orzesze,1988-06-20,Standard
189,Anna,Jabłońska,Chorzów,1963-02-13,Standard
190,Jan,Rutkowski,Katowice,1983-08-16,Premium
191,Ewa,Michalska,Mikołów,1980-12-13,Premium
192,Jakub,Pawłowski,Orzesze,1966-09-10,Standard
193,Krystyna,Mazur,Sosnowiec,1994-05-27,VIP
194,Elżbieta,Nowak,Katowice,1996-12-02,Standard
195,Magdalena,Malinowska,Katowice,1966-05-18,Standard
196,Marcin,Jaworski,Mikołów,1976-05-01,Standard
197,Adam,Krawczyk,Tychy,1957-12-03,Standard
198,Zofia,Wróbel,Gliwice,1976-07-31,Standard
199,Marek,Wójcik,Tychy,1960-08-28,Standard
200,Jakub,Michalski,Zabrze,1975-02-27,Standard
201,Małgorzata,Jabłońska,Bytom,1996-03-11,Standard
202,Paweł,Dudek,Rybnik,1994-07-01,Standard
203,Agnieszka,Pawłowska,Mikołów,1989-01-02,Premium
204,Natalia,Nowak,Rybnik,2003-09-08,Standard
205,Barbara,Kowalska,Zabrze,1998-04-15,Standard
206,Ewa,Król,Bytom,1968-08-15,Standard
207,Marcin,Nowak,Orzesze,1956-11-27,Standard
208,Aleksandra,Witkowska,Zabrze,2002-09-02,Standard
209,Małgorzata,Jaworska,Katowice,1989-02-20,Standard
210,Adam,Majewski,Tychy,1960-04-09,Standard
211,Tomasz,Wieczorek,Chorzów,2005-08-02,Premium
212,Paweł,Adamczyk,Gliwice,1999-04-19,Standard
213,Małgorzata,Pawłowska,Zabrze,1975-07-08,Standard
214,Adam,Kowalski,Bytom,1966-02-26,Premium
215,Krystyna,Król,Rybnik,1983-04-26,Standard
216,Aleksandra,Jabłońska,Mikołów,1975-10-11,Standard
217,Jakub,Michalski,Mikołów,1958-06-23,Standard
218,Maria,Dudek,Gliwice,1983-09-08,Standard
219,Zofia,Kaczmarek,Gliwice,1967-04-07,Standard
220,Tomasz,Olszewski,Orzesze,1997-08-18,Premium
221,Adam,Woźniak,Tychy,1999-05-21,Standard
222,Anna,Pawłowska,Rybnik,1957-07-04,Premium
223,Ewa,Stępień,Bytom,1963-04-04,Standard
224,Łukasz,Krawczyk,Orzesze,1998-01-11,Standard
225,Anna,Adamczyk,Sosnowiec,1983-10-26,Standard
226,Adam,Majewski,Tychy,2004-03-31,Standard
227,Marcin,Rutkowski,Gliwice,1968-11-07,Standard
228,Barbara,Kaczmarek,Gliwice,1978-03-13,Standard
229,Karolina,Kaczmarek,Zabrze,1988-04-28,Standard
230,Jakub,Stępień,Tychy,1958-02-07,Standard
231,Krystyna,Wieczorek,Rybnik,2002-11-15,Standard
232,Małgorzata,Mazur,Katowice,2005-06-11,Standard
233,Agnieszka,Olszewska,Tychy,1955-12-07,Standard
234,Zofia,Kowalska,Sosnowiec,1995-09-23,Premium
235,Mateusz,Michalski,Bytom,2001-12-12,Standard
236,Anna,Jaworska,Chorzów,1998-12-30,Standard
237,Aleksandra,Zając,Tychy,1957-02-14,Standard
238,Marcin,Wieczorek,Chorzów,2000-12-11,VIP
239,Ewa,Wróbel,Zabrze,2004-12-05,Premium
240,Magdalena,Witkowska,Rybnik,1988-11-29,VIP
241,Karolina,Witkowska,Katowice,2001-07-05,Standard
242,Jakub,Kowalski,Rybnik,1999-03-27,Standard
243,Aleksandra,Wójcik,Orzesze,1958-03-21,Standard
244,Kamil,Wójcik,Tychy,1976-09-23,Premium
245,Tomasz,Pawłowski,Sosnowiec,1982-03-25,Standard
246,Magdalena,Stępień,Rybnik,1964-11-08,Standard
247,Barbara,Woźniak,Orzesze,1990-06-02,Premium
248,Magdalena,Kaczmarek,Chorzów,2005-10-11,Standard
249,Magdalena,Pawłowska,Bytom,1993-03-20,Standard
250,Marek,Jabłoński,Katowice,1988-08-13,Premium
251,Jakub,Dudek,Sosnowiec,1997-09-26,Standard
252,Marcin,Michalski,Mikołów,1992-10-13,Standard
253,Barbara,Kowalska,Sosnowiec,1996-07-23,Premium
254,Jakub,Woźniak,Mikołów,2003-03-19,Standard
255,Magdalena,Jaworska,Zabrze,1961-08-23,Premium
256,Mateusz,Adamczyk,Bytom,1964-03-20,Standard
257,Zofia,Wróbel,Rybnik,1980-11-22,Standard
258,Andrzej,Krawczyk,Gliwice,1965-02-14,Standard
259,Andrzej,Rutkowski,Katowice,1960-05-04,Standard
260,Jan,Witkowski,Zabrze,2004-01-28,Standard
261,Adam,Malinowski,Orzesze,1992-12-04,Standard
262,Magdalena,Malinowska,Chorzów,2002-12-22,Standard
263,Paweł,Woźniak,Gliwice,2001-10-22,Standard
264,Natalia,Dudek,Bytom,1978-05-10,Standard
265,Tomasz,Nowak,Tychy,2002-09-23,Standard
266,Katarzyna,Dudek,Gliwice,1984-07-11,Standard
267,Jan,Jaworski,Bytom,1955-12-22,Standard
268,Aleksandra,Stępień,Gliwice,1992-09-21,Premium
269,Karolina,Dudek,Zabrze,2006-12-14,Standard
270,Marek,Kowalski,Katowice,1978-08-12,Standard
271,Adam,Rutkowski,Gliwice,1955-05-04,Standard
272,Małgorzata,Wróbel,Zabrze,1996-07-16,Standard
273,Ewa,Zając,Orzesze,1962-04-26,Standard
274,Agnieszka,Mazur,Chorzów,1958-12-11,Premium
275,Ewa,Rutkowska,Mikołów,1981-03-11,Premium
276,Magdalena,Dudek,Mikołów,1960-10-09,Standard
277,Agnieszka,Jabłońska,Rybnik,1966-01-18,VIP
278,Natalia,Wróbel,Rybnik,1956-06-21,Standard
279,Małgorzata,Dudek,Katowice,1956-01-13,Standard
280,Łukasz,Wójcik,Mikołów,1984-12-04,Standard
281,Paweł,Walczak,Rybnik,1956-03-28,Standard
282,Barbara,Witkowska,Chorzów,1955-02-23,Standard
283,Tomasz,Rutkowski,Zabrze,1959-02-22,Standard
284,Mateusz,Wieczorek,Rybnik,1956-09-14,Standard
285,Kamil,Mazur,Bytom,1991-12-24,Standard
286,Karolina,Jaworska,Rybnik,1979-02-22,Standard
287,Magdalena,Malinowska,Mikołów,1975-04-29,Standard
288,Adam,Witkowski,Gliwice,1986-07-02,Premium
289,Małgorzata,Witkowska,Mikołów,1980-01-03,Standard
290,Adam,Wójcik,Orzesze,1989-05-31,Standard
291,Magdalena,Jaworska,Rybnik,1996-03-19,Standard
292,Tomasz,Walczak,Gliwice,1999-09-27,Standard
293,Marek,Kowalski,Sosnowiec,2001-01-08,Standard
294,Paweł,Król,Gliwice,1981-11-02,Standard
295,Jakub,Wieczorek,Katowice,1972-09-22,Standard
296,Krzysztof,Wieczorek,Mikołów,1982-10-14,Standard
297,Tomasz,Michalski,Sosnowiec,2000-02-08,VIP
298,Małgorzata,Krawczyk,Bytom,1963-06-05,Standard
299,Barbara,Wieczorek,Chorzów,1983-03-07,Premium
300,Jan,Mazur,Orzesze,2001-10-28,Standard
301,Magdalena,Adamczyk,Chorzów,1985-08-09,Standard
302,Piotr,Olszewski,Mikołów,1975-01-11,Standard
303,Jan,Walczak,Tychy,2005-05-28,Standard
304,Marek,Jabłoński,Zabrze,1979-05-04,Standard
305,Krzysztof,Stępień,Rybnik,1996-06-03,Standard
306,Michał,Wójcik,Rybnik,1989-09-21,Standard
307,Paweł,Dudek,Sosnowiec,1995-02-28,Standard
308,Jakub,Michalski,Chorzów,1965-03-29,VIP
309,Tomasz,Jaworski,Sosnowiec,1999-06-15,Standard
310,Karolina,Woźniak,Mikołów,2002-10-06,Standard
311,Elżbieta,Michalska,Tychy,1970-09-18,Standard
312,Karolina,Nowak,Bytom,1961-05-29,Standard
313,Krystyna,Dudek,Zabrze,1961-09-11,Standard
314,Małgorzata,Olszewska,Katowice,1972-08-15,Standard
315,Magdalena,Kaczmarek,Zabrze,1966-07-02,Standard
316,Tomasz,Majewski,Chorzów,2000-04-09,Standard
317,Andrzej,Nowak,Sosnowiec,1956-12-30,Standard
318,Barbara,Walczak,Gliwice,1994-06-22,Premium
319,Anna,Jaworska,Orzesze,1989-11-28,Standard
320,Krystyna,Wieczorek,Mikołów,2004-08-30,Standard
321,Krystyna,Rutkowska,Rybnik,1982-11-05,Standard
322,Tomasz,Stępień,Katowice,1973-10-04,Standard
323,Elżbieta,Zając,Chorzów,2001-03-12,Standard
324,Andrzej,Zając,Sosnowiec,2002-10-21,Standard
325,Paweł,Mazur,Chorzów,1996-07-19,Standard
326,Krzysztof,Jaworski,Gliwice,1966-09-22,Standard
327,Jan,Olszewski,Rybnik,1982-11-16,Standard
328,Adam,Kowalski,Orzesze,1964-11-20,Standard
329,Marcin,Walczak,Gliwice,1974-09-30,Standard
330,Andrzej,Witkowski,Katowice,1969-09-06,Standard
331,Adam,Michalski,Tychy,2005-10-22,Standard
332,Adam,Woźniak,Mikołów,1992-05-23,Standard
333,Elżbieta,Adamczyk,Chorzów,1989-12-08,Standard
334,Barbara,Jabłońska,Gliwice,1989-01-15,Standard
335,Natalia,Witkowska,Katowice,1998-03-05,Standard
336,Małgorzata,Jaworska,Bytom,1997-12-12,Standard
337,Mateusz,Woźniak,Mikołów,1979-11-28,Standard
338,Piotr,Wójcik,Tychy,1967-04-24,Standard
339,Aleksandra,Dudek,Gliwice,2004-07-12,Standard
340,Małgorzata,Jaworska,Orzesze,1975-02-15,Standard
341,Andrzej,Jabłoński,Bytom,1979-12-01,Premium
342,Paweł,Krawczyk,Gliwice,2005-06-13,Standard
343,Karolina,Pawłowska,Sosnowiec,1987-02-08,Standard
344,Michał,Majewski,Bytom,1979-03-31,Standard
345,Zofia,Witkowska,Tychy,1977-04-13,Premium
346,Łukasz,Krawczyk,Mikołów,1964-11-01,Standard
347,Andrzej,Majewski,Tychy,2007-08-16,VIP
348,Katarzyna,Jabłońska,Katowice,1963-10-16,Premium
349,Agnieszka,Walczak,Chorzów,1965-08-22,Standard
350,Anna,Majewska,Chorzów,1956-05-21,Standard
351,Maria,Dudek,Tychy,1957-11-26,Standard
352,Paweł,Wróbel,Sosnowiec,1979-12-12,Standard
353,Marcin,Walczak,Mikołów,1962-05-08,Standard
354,Maria,Malinowska,Bytom,1960-02-21,Standard
355,Łukasz,Stępień,Gliwice,1964-01-24,Standard
356,Paweł,Witkowski,Rybnik,2000-01-02,Standard
357,Marcin,Woźniak,Gliwice,1977-05-15,Standard
358,Tomasz,Kowalski,Rybnik,1985-04-12,Standard
359,Andrzej,Zając,Orzesze,1985-12-27,Standard
360,Aleksandra,Michalska,Mikołów,1963-04-03,Standard
361,Anna,Stępień,Katowice,1963-08-28,Standard
362,Anna,Jaworska,Bytom,1956-01-29,Standard
363,Katarzyna,Nowak,Tychy,1996-11-15,Standard
364,Kamil,Olszewski,Chorzów,1991-03-11,Standard
365,Karolina,Pawłowska,Zabrze,1981-03-02,Standard
366,Tomasz,Wieczorek,Katowice,1999-05-15,Standard
367,Kamil,Wójcik,Bytom,1955-04-22,Premium
368,Katarzyna,Adamczyk,Chorzów,1984-08-21,Standard
369,Marek,Rutkowski,Mikołów,2004-03-07,Standard
370,Piotr,Krawczyk,Mikołów,1978-08-21,Premium
371,Elżbieta,Król,Katowice,1968-10-18,Premium
372,Agnieszka,Walczak,Sosnowiec,1994-02-03,Standard
373,Jakub,Król,Katowice,1958-06-19,Standard
374,Aleksandra,Wójcik,Katowice,1960-11-14,Standard
375,Katarzyna,Mazur,Zabrze,1988-08-28,Standard
376,Elżbieta,Jaworska,Mikołów,1956-12-25,Premium
377,Jan,Nowak,Sosnowiec,1966-12-04,Standard
378,Katarzyna,Stępień,Chorzów,1990-09-18,Standard
379,Barbara,Kowalska,Bytom,1985-05-27,Standard
380,Magdalena,Mazur,Mikołów,1990-08-01,Standard
381,Łukasz,Dudek,Chorzów,1990-03-05,Standard
382,Kamil,Wróbel,Mikołów,1998-11-14,Premium
383,Piotr,Dudek,Chorzów,1978-08-28,Premium
384,Elżbieta,Michalska,Zabrze,2007-02-21,VIP
385,Adam,Olszewski,Mikołów,1997-11-19,Standard
386,Anna,Woźniak,Mikołów,1994-07-03,Standard
387,Krystyna,Olszewska,Mikołów,1959-03-20,Standard
388,Paweł,Witkowski,Bytom,1978-08-24,Standard
389,Aleksandra,Król,Sosnowiec,1993-12-04,Standard
390,Krystyna,Stępień,Zabrze,1973-12-01,Standard
391,Karolina,Adamczyk,Gliwice,1964-03-13,Standard
392,Tomasz,Wróbel,Tychy,1999-12-19,Standard
393,Mateusz,Stępień,Sosnowiec,1997-12-04,Standard
394,Zofia,Król,Gliwice,1991-08-08,Standard
395,Maria,Wieczorek,Gliwice,1970-10-21,Standard
396,Ewa,Mazur,Orzesze,1964-05-03,Standard
397,Piotr,Michalski,Zabrze,1969-03-28,Standard
398,Jan,Adamczyk,Sosnowiec,1979-03-22,Standard
399,Adam,Nowak,Tychy,1965-05-10,Standard
400,Elżbieta,Mazur,Gliwice,1991-08-16,Standard
401,Jakub,Jaworski,Tychy,1990-10-22,Standard
402,Kamil,Pawłowski,Chorzów,1959-02-03,Standard
403,Małgorzata,Krawczyk,Katowice,1983-09-19,Premium
404,Anna,Jabłońska,Orzesze,2006-03-01,Standard
405,Łukasz,Mazur,Chorzów,1962-02-16,Standard
406,Barbara,Nowak,Tychy,1972-03-09,Premium
407,Anna,Mazur,Chorzów,2004-06-25,Standard
408,Marek,Rutkowski,Katowice,1979-12-10,Standard
409,Karolina,Kowalska,Orzesze,1994-10-10,Standard
410,Anna,Krawczyk,Zabrze,1972-12-21,Premium
411,Andrzej,Krawczyk,Zabrze,1990-08-16,Standard
412,Maria,Malinowska,Katowice,1962-02-10,Standard
413,Magdalena,Witkowska,Mikołów,1969-07-25,Standard
414,Krzysztof,Wróbel,Rybnik,1974-09-05,Standard
415,Zofia,Kaczmarek,Gliwice,1997-05-21,Standard
416,Elżbieta,Zając,Gliwice,1969-10-28,Premium
417,Paweł,Wieczorek,Tychy,1983-07-01,Standard
418,Karolina,Woźniak,Katowice,1989-05-27,Standard
419,Adam,Mazur,Gliwice,1963-12-11,Premium
420,Elżbieta,Wróbel,Bytom,2004-04-17,Standard
421,Łukasz,Zając,Gliwice,1962-05-14,Standard
422,Anna,Wróbel,Katowice,1957-11-04,Standard
423,Mateusz,Walczak,Zabrze,1968-12-05,Standard
424,Natalia,Michalska,Zabrze,1996-10-14,Standard
425,Maria,Olszewska,Zabrze,1975-12-10,Standard
426,Michał,Woźniak,Orzesze,1989-08-31,Standard
427,Adam,Witkowski,Bytom,1983-10-22,Standard
428,Barbara,Dudek,Tychy,1999-04-02,Standard
429,Zofia,Nowak,Katowice,1998-07-24,Standard
430,Jan,Jaworski,Rybnik,1974-06-07,Standard
431,Piotr,Krawczyk,Rybnik,1965-03-27,Standard
432,Zofia,Stępień,Tychy,1992-05-09,Standard
433,Kamil,Król,Rybnik,1998-10-08,Premium
434,Małgorzata,Malinowska,Orzesze,1956-03-27,Premium
435,Kamil,Krawczyk,Chorzów,2004-03-15,Standard
436,Andrzej,Jaworski,Orzesze,1996-02-10,Standard
437,Tomasz,Wieczorek,Mikołów,1956-03-26,Standard
438,Zofia,Adamczyk,Sosnowiec,1961-10-25,VIP
439,Mateusz,Adamczyk,Bytom,1970-03-20,VIP
440,Łukasz,Woźniak,Orzesze,1968-03-23,Standard
441,Agnieszka,Zając,Bytom,1961-09-15,Standard
442,Agnieszka,Krawczyk,Sosnowiec,1995-04-01,Standard
443,Ewa,Michalska,Sosnowiec,1991-10-22,Premium
444,Magdalena,Mazur,Chorzów,1977-06-16,Standard
445,Barbara,Zając,Chorzów,1988-07-18,Standard
446,Tomasz,Krawczyk,Rybnik,2006-08-05,Standard
447,Elżbieta,Wieczorek,Bytom,1967-03-23,Standard
448,Barbara,Wróbel,Tychy,1956-02-28,Standard
449,Michał,Krawczyk,Sosnowiec,1979-09-30,Standard
450,Katarzyna,Stępień,Rybnik,2007-03-26,Standard
451,Katarzyna,Wójcik,Tychy,1974-03-03,Standard
452,Tomasz,Wieczorek,Bytom,1997-08-11,Standard
453,Magdalena,Woźniak,Chorzów,1965-11-23,Standard
454,Małgorzata,Adamczyk,Sosnowiec,1993-10-02,Standard
455,Krzysztof,Zając,Rybnik,1964-02-02,Standard
456,Karolina,Wróbel,Tychy,1992-01-21,Premium
457,Michał,Zając,Sosnowiec,1982-07-19,Standard
458,Magdalena,Stępień,Bytom,1959-08-17,Standard
459,Adam,Michalski,Sosnowiec,1980-05-17,Premium
460,Elżbieta,Krawczyk,Sosnowiec,1961-01-25,Standard
461,Krystyna,Król,Bytom,1990-07-21,Standard
462,Jan,Adamczyk,Bytom,1991-12-15,Standard
463,Maria,Adamczyk,Chorzów,2002-03-20,Standard
464,Barbara,Nowak,Chorzów,2002-07-02,Standard
465,Łukasz,Pawłowski,Tychy,1964-10-13,Premium
466,Piotr,Kowalski,Chorzów,1971-09-17,Standard
467,Jakub,Mazur,Katowice,1979-02-10,Standard
468,Andrzej,Jabłoński,Orzesze,1959-08-03,Standard
469,Karolina,Mazur,Chorzów,2001-04-18,Standard
470,Natalia,Kaczmarek,Tychy,1999-10-30,Standard
471,Zofia,Król,Gliwice,1986-11-08,Standard
472,Zofia,Wieczorek,Gliwice,1973-11-01,Standard
473,Elżbieta,Krawczyk,Chorzów,2005-04-17,Standard
474,Paweł,Król,Mikołów,1990-08-20,Standard
475,Karolina,Nowak,Bytom,2000-06-08,Standard
476,Jakub,Dudek,Bytom,1955-10-14,Standard
477,Karolina,Jabłońska,Zabrze,1966-10-02,Premium
478,Natalia,Kaczmarek,Rybnik,1995-09-08,Premium
479,Agnieszka,Jabłońska,Katowice,1959-08-07,Standard
480,Zofia,Zając,Chorzów,1971-01-21,Standard
481,Paweł,Wróbel,Rybnik,1997-02-06,Standard
482,Jakub,Wójcik,Chorzów,1971-03-22,Standard
483,Mateusz,Michalski,Tychy,1971-02-18,Premium
484,Marek,Pawłowski,Zabrze,1988-05-07,Standard
485,Ewa,Król,Tychy,1980-04-21,Standard
486,Krzysztof,Rutkowski,Orzesze,1966-05-30,Standard
487,Andrzej,Zając,Tychy,1972-05-16,Standard
488,Paweł,Wieczorek,Gliwice,1990-02-01,VIP
489,Krystyna,Krawczyk,Sosnowiec,1972-10-25,Standard
490,Agnieszka,Malinowska,Gliwice,1997-02-03,Standard
491,Łukasz,Rutkowski,Bytom,1985-12-31,Standard
492,Magdalena,Wieczorek,Tychy,1990-09-02,Standard
493,Ewa,Zając,Rybnik,1996-04-05,Standard
494,Jan,Zając,Mikołów,1955-09-19,Standard
495,Agnieszka,Wieczorek,Zabrze,1984-10-12,Standard
496,Tomasz,Krawczyk,Bytom,2006-08-30,VIP
497,Andrzej,Pawłowski,Zabrze,2005-08-07,Standard
498,Krystyna,Woźniak,Rybnik,2000-03-20,Standard
499,Karolina,Olszewska,Sosnowiec,2000-08-27,Standard
500,Łukasz,Kaczmarek,Bytom,2007-12-06,Standard
501,Katarzyna,Pawłowska,Zabrze,1986-08-01,Standard
502,Michał,Wróbel,Tychy,1970-03-06,Standard
503,Michał,Zając,Orzesze,1959-02-11,Premium
504,Elżbieta,Kaczmarek,Chorzów,1971-01-28,Standard
505,Piotr,Witkowski,Gliwice,2000-08-28,Standard
506,Marcin,Jabłoński,Chorzów,1972-01-25,Standard
507,Agnieszka,Mazur,Tychy,1979-01-12,Standard
508,Barbara,Malinowska,Zabrze,1965-06-21,Premium
509,Katarzyna,Wieczorek,Chorzów,1969-02-07,Standard
510,Anna,Adamczyk,Zabrze,1963-12-30,Premium
511,Zofia,Dudek,Mikołów,1966-04-04,Standard
512,Małgorzata,Adamczyk,Gliwice,2005-12-24,Premium
513,Aleksandra,Rutkowska,Mikołów,1958-08-20,Standard
514,Magdalena,Król,Bytom,1982-03-26,Standard
515,Katarzyna,Walczak,Chorzów,2004-02-11,Premium
516,Adam,Rutkowski,Mikołów,1979-09-25,Standard
517,Łukasz,Jabłoński,Rybnik,1984-08-17,Standard
518,Marcin,Majewski,Mikołów,1990-07-22,Standard
519,Barbara,Majewska,Rybnik,1957-10-24,Standard
520,Krzysztof,Woźniak,Bytom,1969-08-21,Standard
521,Małgorzata,Zając,Gliwice,1982-11-17,Standard
522,Elżbieta,Dudek,Mikołów,1978-05-07,Standard
523,Małgorzata,Wieczorek,Mikołów,1999-09-12,Standard
524,Tomasz,Kaczmarek,Orzesze,1992-09-28,Standard
525,Jan,Witkowski,Bytom,1980-01-31,Standard
526,Jan,Adamczyk,Gliwice,1985-10-25,Premium
527,Marcin,Witkowski,Chorzów,2006-03-17,Standard
528,Anna,Rutkowska,Rybnik,1970-07-15,Standard
529,Marcin,Zając,Sosnowiec,2004-05-26,Premium
530,Michał,Olszewski,Gliwice,1983-07-17,Standard
531,Anna,Witkowska,Rybnik,1971-03-25,Standard
532,Ewa,Nowak,Mikołów,1985-02-07,Premium
533,Jan,Wieczorek,Gliwice,1957-08-09,Standard
534,Ewa,Król,Zabrze,1993-06-06,Premium
535,Karolina,Krawczyk,Zabrze,2005-04-26,Premium
536,Krzysztof,Krawczyk,Katowice,1991-07-01,Standard
537,Małgorzata,Krawczyk,Zabrze,1976-04-18,Standard
538,Adam,Stępień,Katowice,2005-05-29,Premium
539,Jan,Woźniak,Orzesze,1972-04-30,Standard
540,Małgorzata,Król,Chorzów,1990-07-29,Standard
541,Agnieszka,Kaczmarek,Tychy,1965-06-05,Standard
542,Marcin,Witkowski,Mikołów,1982-10-09,Standard
543,Karolina,Król,Chorzów,2006-09-27,Standard
544,Natalia,Rutkowska,Katowice,2000-01-27,Premium
545,Małgorzata,Olszewska,Rybnik,2005-08-01,Premium
546,Katarzyna,Nowak,Chorzów,2006-10-08,Premium
547,Piotr,Jabłoński,Gliwice,2000-07-16,Standard
548,Aleksandra,Walczak,Rybnik,1982-06-18,Standard
549,Adam,Malinowski,Tychy,1969-11-20,Premium
550,Zofia,Wójcik,Rybnik,2004-08-29,Standard
551,Maria,Król,Chorzów,1956-08-24,Standard
552,Łukasz,Woźniak,Gliwice,1963-02-16,Premium
553,Łukasz,Rutkowski,Sosnowiec,1987-05-05,Standard
554,Adam,Pawłowski,Gliwice,1990-05-20,Standard
555,Łukasz,Kaczmarek,Gliwice,2004-08-22,Premium
556,Piotr,Zając,Zabrze,1971-12-19,Standard
557,Jakub,Dudek,Bytom,2002-12-26,Premium
558,Paweł,Wieczorek,Orzesze,2001-10-07,Standard
559,Barbara,Malinowska,Katowice,1956-05-25,Standard
560,Katarzyna,Adamczyk,Tychy,1978-06-28,Premium
561,Karolina,Nowak,Rybnik,2007-10-23,Standard
562,Marcin,Wójcik,Gliwice,1983-03-25,Premium
563,Anna,Walczak,Chorzów,1981-01-18,Standard
564,Michał,Adamczyk,Zabrze,1986-12-07,Standard
565,Aleksandra,Majewska,Katowice,1964-06-03,Premium
566,Małgorzata,Kaczmarek,Gliwice,1983-10-13,Standard
567,Kamil,Pawłowski,Sosnowiec,2007-06-23,Standard
568,Andrzej,Mazur,Tychy,1988-12-21,Standard
569,Andrzej,Majewski,Chorzów,1970-01-04,Premium
570,Maria,Olszewska,Bytom,2000-02-19,Standard
571,Maria,Malinowska,Mikołów,2004-06-26,Standard
572,Andrzej,Wójcik,Rybnik,2001-04-26,Standard
573,Krzysztof,Olszewski,Sosnowiec,2000-02-15,Standard
574,Krzysztof,Adamczyk,Orzesze,1957-02-23,Standard
575,Karolina,Olszewska,Katowice,1967-06-04,Standard
576,Adam,Kaczmarek,Bytom,1976-12-05,Premium
577,Adam,Majewski,Tychy,1982-04-22,Standard
578,Maria,Majewska,Orzesze,1963-07-07,Standard
579,Łukasz,Król,Bytom,1968-04-23,Standard
580,Marek,Jaworski,Gliwice,1970-08-08,Standard
581,Paweł,Wieczorek,Rybnik,1999-03-12,Premium
582,Andrzej,Wieczorek,Tychy,1998-11-30,Standard
583,Magdalena,Malinowska,Katowice,2004-05-10,Standard
584,Kamil,Jaworski,Rybnik,1988-05-19,Standard
585,Jakub,Król,Zabrze,1956-06-04,Standard
586,Krystyna,Mazur,Sosnowiec,1974-11-22,Standard
587,Agnieszka,Adamczyk,Rybnik,1967-12-20,Standard
588,Kamil,Pawłowski,Orzesze,1970-12-03,Premium
589,Tomasz,Kowalski,Katowice,1991-04-03,Premium
590,Paweł,Kowalski,Zabrze,1968-12-24,Standard
591,Andrzej,Walczak,Chorzów,1955-01-21,Premium
592,Marek,Nowak,Katowice,2007-03-17,Standard
593,Piotr,Wieczorek,Orzesze,1957-02-23,Premium
594,Natalia,Dudek,Mikołów,1981-05-13,Standard
595,Krzysztof,Witkowski,Sosnowiec,1975-08-21,Standard
596,Maria,Rutkowska,Tychy,1972-04-11,Standard
597,Małgorzata,Pawłowska,Orzesze,1981-04-18,Standard
598,Krzysztof,Adamczyk,Katowice,1988-10-05,Standard
599,Krystyna,Rutkowska,Orzesze,1992-03-22,Standard
600,Karolina,Majewska,Katowice,2002-10-28,Standard
601,Katarzyna,Witkowska,Sosnowiec,1973-09-13,Standard
602,Piotr,Walczak,Sosnowiec,1976-04-17,Standard
603,Piotr,Walczak,Tychy,2005-02-08,Standard
604,Krystyna,Stępień,Gliwice,1970-07-24,Standard
605,Mateusz,Wójcik,Orzesze,1983-05-13,Premium
606,Anna,Jabłońska,Orzesze,1976-03-28,Standard
607,Paweł,Kaczmarek,Mikołów,1975-07-07,Standard
608,Paweł,Mazur,Chorzów,1975-11-01,Premium
609,Łukasz,Kowalski,Gliwice,2003-09-05,Premium
610,Katarzyna,Malinowska,Gliwice,1982-03-14,Standard
611,Adam,Zając,Chorzów,2000-09-10,Standard
612,Magdalena,Malinowska,Mikołów,1970-10-18,Standard
613,Natalia,Stępień,Chorzów,2007-05-05,Standard
614,Natalia,Woźniak,Gliwice,1988-09-19,Premium
615,Marek,Krawczyk,Gliwice,1966-10-04,Premium
616,Marcin,Witkowski,Katowice,1960-12-16,Standard
617,Paweł,Dudek,Zabrze,2003-01-11,Premium
618,Kamil,Krawczyk,Orzesze,1999-02-04,Standard
619,Krystyna,Olszewska,Orzesze,1968-05-22,Standard
620,Kamil,Majewski,Sosnowiec,1984-04-17,Standard
621,Mateusz,Pawłowski,Katowice,1959-07-23,VIP
622,Krystyna,Walczak,Sosnowiec,1976-10-15,Standard
623,Jan,Adamczyk,Mikołów,1964-08-01,VIP
624,Natalia,Wróbel,Chorzów,1969-01-07,Standard
625,Anna,Stępień,Bytom,1998-04-27,Standard
626,Łukasz,Król,Tychy,1980-03-18,Standard
627,Maria,Krawczyk,Tychy,2005-02-27,Standard
628,Zofia,Olszewska,Katowice,1991-04-02,Standard
629,Aleksandra,Nowak,Mikołów,2004-10-26,VIP
630,Kamil,Dudek,Sosnowiec,1981-06-04,Standard
631,Kamil,Malinowski,Tychy,1993-04-20,Standard
632,Krystyna,Kaczmarek,Orzesze,1958-10-04,Standard
633,Natalia,Jaworska,Orzesze,1998-12-01,Standard
634,Małgorzata,Stępień,Bytom,1984-06-02,Standard
635,Ewa,Pawłowska,Mikołów,1998-01-14,Premium
636,Adam,Witkowski,Gliwice,1964-02-15,Premium
637,Marcin,Dudek,Mikołów,1975-09-27,Standard
638,Krzysztof,Kaczmarek,Bytom,1968-10-28,Standard
639,Mateusz,Jabłoński,Tychy,1994-05-25,Standard
640,Michał,Jaworski,Katowice,1999-04-10,Standard
641,Marcin,Stępień,Katowice,1989-05-02,Standard
642,Małgorzata,Jabłońska,Rybnik,1978-07-19,Standard
643,Paweł,Wróbel,Sosnowiec,1979-05-28,Standard
644,Andrzej,Wieczorek,Orzesze,1972-03-15,Standard
645,Paweł,Krawczyk,Tychy,2006-07-03,Standard
646,Katarzyna,Jabłońska,Tychy,1995-10-12,Standard
647,Maria,Dudek,Bytom,1979-07-31,Standard
648,Marcin,Stępień,Bytom,1999-05-10,Standard
649,Ewa,Stępień,Orzesze,1962-09-12,Premium
650,Mateusz,Majewski,Gliwice,1974-10-28,Standard
651,Paweł,Jaworski,Rybnik,1957-06-17,Standard
652,Piotr,Wójcik,Chorzów,2004-08-29,Standard
653,Adam,Michalski,Tychy,1990-03-16,Standard
654,Michał,Wróbel,Tychy,1981-02-27,Standard
655,Marcin,Jabłoński,Chorzów,1967-07-21,Premium
656,Katarzyna,Majewska,Tychy,1977-05-13,Standard
657,Jan,Adamczyk,Sosnowiec,1964-04-19,VIP
658,Krzysztof,Krawczyk,Katowice,1979-06-19,Standard
659,Krzysztof,Pawłowski,Rybnik,1999-10-29,Standard
660,Paweł,Majewski,Mikołów,2000-08-21,Standard
661,Marek,Adamczyk,Sosnowiec,1968-05-26,Standard
662,Jan,Pawłowski,Tychy,1998-10-25,Premium
663,Katarzyna,Dudek,Bytom,2000-07-11,Standard
664,Andrzej,Jabłoński,Sosnowiec,1957-12-21,Standard
665,Katarzyna,Adamczyk,Orzesze,1972-01-07,Standard
666,Adam,Woźniak,Katowice,1972-03-16,Standard
667,Aleksandra,Wieczorek,Gliwice,2001-08-15,Standard
668,Natalia,Adamczyk,Sosnowiec,1962-02-21,Standard
669,Aleksandra,Majewska,Zabrze,1998-04-13,Standard
670,Anna,Krawczyk,Katowice,1971-05-17,VIP
671,Karolina,Jabłońska,Chorzów,2004-08-20,Standard
672,Barbara,Jabłońska,Tychy,1982-10-20,Premium
673,Agnieszka,Kowalska,Gliwice,1999-01-28,Standard
674,Elżbieta,Malinowska,Katowice,1960-04-04,Standard
675,Jan,Kaczmarek,Orzesze,1992-01-26,Premium
676,Barbara,Witkowska,Sosnowiec,1974-10-15,Standard
677,Marek,Król,Sosnowiec,2001-04-21,VIP
678,Maria,Witkowska,Mikołów,1959-10-17,Premium
679,Tomasz,Kowalski,Tychy,1960-12-16,Standard
680,Michał,Adamczyk,Chorzów,2005-08-13,Standard
681,Andrzej,Rutkowski,Sosnowiec,2005-11-14,Standard
682,Krzysztof,Jabłoński,Zabrze,1994-06-04,Premium
683,Anna,Adamczyk,Katowice,2006-10-11,Standard
684,Andrzej,Adamczyk,Bytom,1994-11-14,VIP
685,Tomasz,Majewski,Sosnowiec,1966-06-11,Standard
686,Karolina,Malinowska,Chorzów,1998-07-15,Standard
687,Andrzej,Woźniak,Tychy,1974-03-15,Standard
688,Paweł,Jaworski,Rybnik,1961-02-14,Standard
689,Marcin,Adamczyk,Mikołów,1991-08-28,Standard
690,Małgorzata,Woźniak,Sosnowiec,1996-09-20,Standard
691,Michał,Stępień,Orzesze,1959-06-21,Standard
692,Tomasz,Stępień,Gliwice,1967-06-05,Standard
693,Agnieszka,Adamczyk,Gliwice,1960-10-06,Standard
694,Tomasz,Wieczorek,Chorzów,1974-01-11,VIP
695,Marcin,Olszewski,Tychy,1971-07-30,VIP
696,Adam,Olszewski,Bytom,2003-01-22,Standard
697,Agnieszka,Jabłońska,Sosnowiec,1970-12-18,Standard
698,Jan,Woźniak,Katowice,1964-07-07,Standard
699,Katarzyna,Wieczorek,Zabrze,1981-09-13,Standard
700,Zofia,Dudek,Zabrze,1964-12-25,Standard
701,Karolina,Wieczorek,Rybnik,1966-03-24,Standard
702,Paweł,Woźniak,Katowice,1955-01-05,Standard
703,Katarzyna,Olszewska,Katowice,1987-11-05,Standard
704,Jan,Adamczyk,Orzesze,1963-08-28,Standard
705,Anna,Krawczyk,Gliwice,2006-02-16,Standard
706,Barbara,Kowalska,Rybnik,1995-04-08,VIP
707,Zofia,Nowak,Gliwice,1973-11-03,Standard
708,Małgorzata,Kaczmarek,Katowice,1956-08-29,Standard
709,Jan,Wójcik,Bytom,1990-11-12,Standard
710,Barbara,Adamczyk,Chorzów,2003-04-13,Standard
711,Maria,Król,Katowice,1964-07-01,Standard
712,Adam,Majewski,Sosnowiec,1965-10-09,Standard
713,Ewa,Stępień,Mikołów,1991-10-12,Standard
714,Elżbieta,Zając,Katowice,1963-08-21,Standard
715,Jan,Wróbel,Rybnik,1999-09-28,Standard
716,Tomasz,Walczak,Orzesze,1979-07-05,Standard
717,Natalia,Stępień,Rybnik,2004-07-01,Standard
718,Paweł,Wieczorek,Bytom,1989-06-21,Standard
719,Łukasz,Witkowski,Katowice,1955-07-23,Standard
720,Jakub,Michalski,Sosnowiec,1990-04-21,Standard
721,Elżbieta,Adamczyk,Gliwice,1966-06-16,Standard
722,Anna,Witkowska,Gliwice,1996-12-18,Premium
723,Karolina,Witkowska,Chorzów,1994-08-24,VIP
724,Ewa,Jaworska,Katowice,1977-06-21,Standard
725,Jan,Jabłoński,Orzesze,1983-12-10,Standard
726,Tomasz,Jaworski,Mikołów,1996-02-22,Premium
727,Krzysztof,Malinowski,Chorzów,1975-11-20,Standard
728,Tomasz,Dudek,Katowice,1965-08-16,Standard
729,Agnieszka,Pawłowska,Sosnowiec,1993-11-01,Standard
730,Łukasz,Adamczyk,Bytom,1990-03-11,Standard
731,Katarzyna,Mazur,Chorzów,1957-08-09,Standard
732,Krzysztof,Michalski,Zabrze,1988-11-27,Standard
733,Aleksandra,Malinowska,Katowice,2002-07-22,Standard
734,Aleksandra,Nowak,Mikołów,1990-04-30,Premium
735,Mateusz,Michalski,Orzesze,1980-09-13,Standard
736,Katarzyna,Michalska,Chorzów,1973-02-19,VIP
737,Mateusz,Nowak,Chorzów,2003-10-02,Standard
738,Mateusz,Stępień,Orzesze,1971-11-26,Standard
739,Jan,Jabłoński,Sosnowiec,1986-08-07,Standard
740,Andrzej,Adamczyk,Bytom,2003-02-26,Standard
741,Ewa,Olszewska,Rybnik,1974-06-18,Standard
742,Mateusz,Jabłoński,Katowice,1964-01-11,Standard
743,Michał,Adamczyk,Orzesze,1959-12-13,Standard
744,Karolina,Kowalska,Katowice,1999-05-01,Premium
745,Andrzej,Kaczmarek,Katowice,1966-09-28,Standard
746,Jan,Dudek,Katowice,1983-06-01,Standard
747,Katarzyna,Michalska,Gliwice,1970-12-19,Standard
748,Mateusz,Majewski,Bytom,1969-04-27,Standard
749,Katarzyna,Król,Mikołów,1963-04-06,Premium
750,Agnieszka,Adamczyk,Sosnowiec,1993-08-17,Standard
751,Paweł,Adamczyk,Zabrze,1984-03-11,Standard
752,Aleksandra,Kowalska,Gliwice,1976-08-07,Premium
753,Barbara,Walczak,Bytom,1987-12-17,Standard
754,Magdalena,Dudek,Tychy,1956-08-11,Standard
755,Agnieszka,Majewska,Katowice,1964-10-12,Premium
756,Barbara,Kaczmarek,Rybnik,1963-07-24,VIP
757,Barbara,Adamczyk,Sosnowiec,2005-11-19,Standard
758,Adam,Jaworski,Mikołów,1957-02-18,Premium
759,Maria,Jabłońska,Bytom,1974-07-21,Standard
760,Łukasz,Majewski,Gliwice,1966-01-07,Standard
761,Adam,Woźniak,Tychy,1996-11-30,VIP
762,Magdalena,Jabłońska,Orzesze,2006-05-30,Standard
763,Magdalena,Król,Gliwice,1982-08-01,Standard
764,Paweł,Dudek,Zabrze,1996-07-31,Standard
765,Magdalena,Krawczyk,Tychy,2007-05-13,Standard
766,Piotr,Wróbel,Sosnowiec,1983-01-20,Standard
767,Michał,Dudek,Chorzów,1960-08-22,Standard
768,Piotr,Majewski,Bytom,1982-02-05,Standard
769,Barbara,Majewska,Mikołów,2000-08-19,Standard
770,Łukasz,Wójcik,Gliwice,1988-10-16,Standard
771,Piotr,Woźniak,Rybnik,1969-01-04,Standard
772,Krzysztof,Walczak,Rybnik,1976-10-13,Standard
773,Michał,Michalski,Bytom,1998-07-24,Standard
774,Kamil,Stępień,Mikołów,1998-04-29,Standard
775,Karolina,Michalska,Gliwice,1955-07-27,Standard
776,Agnieszka,Wróbel,Zabrze,1969-07-14,Standard
777,Jakub,Pawłowski,Rybnik,1983-02-20,Premium
778,Katarzyna,Kaczmarek,Katowice,1976-07-06,Standard
779,Barbara,Malinowska,Katowice,1971-05-21,Standard
780,Adam,Wieczorek,Zabrze,1967-09-04,Standard
781,Elżbieta,Nowak,Bytom,1991-02-19,VIP
782,Jakub,Witkowski,Zabrze,2006-12-02,Standard
783,Elżbieta,Mazur,Chorzów,1975-05-27,Standard
784,Michał,Pawłowski,Orzesze,1994-01-18,Standard
785,Marek,Witkowski,Chorzów,1991-06-01,Standard
786,Małgorzata,Krawczyk,Mikołów,1991-04-22,Standard
787,Andrzej,Krawczyk,Gliwice,1971-01-31,Standard
788,Paweł,Majewski,Gliwice,1969-06-03,Premium
789,Marek,Krawczyk,Rybnik,1961-07-05,Standard
790,Krystyna,Dudek,Orzesze,2007-10-18,Standard
791,Piotr,Michalski,Tychy,1979-11-06,Standard
792,Barbara,Wieczorek,Bytom,1988-09-13,Standard
793,Agnieszka,Kaczmarek,Orzesze,1980-05-05,Standard
794,Maria,Jaworska,Sosnowiec,1975-09-02,Standard
795,Katarzyna,Zając,Gliwice,2007-11-09,Standard
796,Magdalena,Mazur,Chorzów,1994-05-08,Premium
797,Anna,Jabłońska,Zabrze,1969-07-21,Premium
798,Anna,Witkowska,Sosnowiec,1956-02-01,Standard
799,Kamil,Kowalski,Mikołów,1976-01-11,Premium
800,Kamil,Kowalski,Bytom,2003-12-28,Premium
801,Maria,Malinowska,Mikołów,1965-03-02,Standard
802,Magdalena,Kowalska,Gliwice,2002-02-07,Standard
803,Kamil,Adamczyk,Bytom,1966-08-22,Standard
804,Krzysztof,Kaczmarek,Chorzów,2004-12-26,Standard
805,Jan,Majewski,Gliwice,1962-12-02,Standard
806,Natalia,Nowak,Bytom,1980-08-14,Standard
807,Tomasz,Dudek,Mikołów,1958-12-12,Standard
808,Jakub,Michalski,Gliwice,1976-07-27,Standard
809,Jakub,Michalski,Chorzów,2001-07-25,Standard
810,Marek,Adamczyk,Sosnowiec,2005-09-08,Standard
811,Aleksandra,Wieczorek,Mikołów,1984-11-19,Standard
812,Adam,Woźniak,Bytom,1969-09-16,Standard
813,Ewa,Rutkowska,Tychy,1991-11-07,Standard
814,Agnieszka,Majewska,Bytom,1982-11-30,VIP
815,Natalia,Kowalska,Mikołów,1973-06-20,Standard
816,Zofia,Majewska,Mikołów,2004-07-22,Standard
817,Barbara,Stępień,Bytom,1979-03-01,Standard
818,Tomasz,Jabłoński,Tychy,1960-11-14,Standard
819,Barbara,Kowalska,Mikołów,1974-10-14,Standard
820,Mateusz,Walczak,Katowice,1964-01-22,Standard
821,Anna,Kowalska,Orzesze,1985-07-11,Standard
822,Marek,Adamczyk,Zabrze,1995-03-08,Standard
823,Małgorzata,Jaworska,Zabrze,1956-11-07,VIP
824,Marek,Rutkowski,Mikołów,1965-09-11,Standard
825,Adam,Walczak,Rybnik,1981-05-22,Standard
826,Kamil,Rutkowski,Bytom,1988-01-07,Standard
827,Piotr,Dudek,Tychy,1979-09-10,Standard
828,Natalia,Walczak,Orzesze,1971-03-15,Standard
829,Jan,Mazur,Gliwice,1966-12-18,Standard
830,Krystyna,Wróbel,Sosnowiec,1974-03-01,Standard
831,Paweł,Mazur,Mikołów,1972-10-14,Standard
832,Karolina,Jabłońska,Chorzów,1958-10-10,Standard
833,Paweł,Nowak,Bytom,1966-10-12,Standard
834,Ewa,Kowalska,Sosnowiec,1994-07-07,Standard
835,Mateusz,Majewski,Chorzów,2000-01-24,Standard
836,Zofia,Michalska,Katowice,1957-07-24,Standard
837,Andrzej,Malinowski,Tychy,1984-10-24,Standard
838,Magdalena,Krawczyk,Bytom,1981-11-05,Standard
839,Marcin,Wójcik,Gliwice,1961-03-04,Standard
840,Zofia,Wójcik,Orzesze,1969-06-27,Standard
841,Magdalena,Kaczmarek,Bytom,1978-01-07,Standard
842,Jakub,Michalski,Mikołów,1980-10-19,Standard
843,Andrzej,Kaczmarek,Katowice,1957-05-15,Standard
844,Adam,Kaczmarek,Chorzów,2006-04-16,Standard
845,Jakub,Krawczyk,Sosnowiec,2000-07-10,Standard
846,Paweł,Stępień,Sosnowiec,1991-09-09,Premium
847,Krystyna,Wójcik,Mikołów,1961-01-12,Standard
848,Kamil,Wójcik,Chorzów,1971-02-15,Standard
849,Michał,Wróbel,Zabrze,1992-07-16,Premium
850,Barbara,Majewska,Tychy,2001-08-12,Standard
851,Magdalena,Dudek,Rybnik,1983-02-06,Standard
852,Tomasz,Wieczorek,Zabrze,2006-02-01,Standard
853,Natalia,Dudek,Sosnowiec,1988-12-03,Standard
854,Piotr,Kaczmarek,Gliwice,2006-08-03,Standard
855,Marek,Jaworski,Bytom,2003-08-05,Premium
856,Kamil,Jaworski,Bytom,1959-03-14,Standard
857,Katarzyna,Nowak,Mikołów,2003-02-24,Standard
858,Marcin,Dudek,Sosnowiec,1967-03-05,Standard
859,Marek,Wieczorek,Sosnowiec,1969-06-06,VIP
860,Marek,Michalski,Bytom,1981-02-22,Standard
861,Zofia,Nowak,Katowice,1962-09-28,Standard
862,Łukasz,Kaczmarek,Zabrze,1967-03-04,Standard
863,Agnieszka,Woźniak,Rybnik,1965-11-08,Standard
864,Ewa,Stępień,Gliwice,1996-12-10,Premium
865,Krzysztof,Rutkowski,Orzesze,1960-06-13,Standard
866,Łukasz,Majewski,Tychy,1955-10-21,Premium
867,Jakub,Malinowski,Tychy,1990-02-07,VIP
868,Maria,Witkowska,Mikołów,2003-07-09,Standard
869,Tomasz,Jabłoński,Katowice,2004-05-07,Standard
870,Tomasz,Mazur,Tychy,1957-12-15,Standard
871,Natalia,Wójcik,Katowice,1958-05-11,Standard
872,Michał,Adamczyk,Sosnowiec,1969-09-12,Standard
873,Magdalena,Olszewska,Sosnowiec,1973-11-02,Standard
874,Piotr,Stępień,Gliwice,1999-05-10,Standard
875,Elżbieta,Witkowska,Tychy,1958-07-07,VIP
876,Piotr,Rutkowski,Rybnik,1995-10-28,Standard
877,Krystyna,Król,Gliwice,1989-03-21,Standard
878,Aleksandra,Wróbel,Chorzów,1966-08-18,Standard
879,Anna,Adamczyk,Sosnowiec,1977-03-20,Standard
880,Zofia,Adamczyk,Zabrze,1967-01-18,VIP
881,Łukasz,Wójcik,Rybnik,2004-10-30,Standard
882,Agnieszka,Walczak,Chorzów,1972-05-29,Premium
883,Tomasz,Kaczmarek,Bytom,2003-07-22,Standard
884,Magdalena,Majewska,Sosnowiec,1969-02-24,Standard
885,Mateusz,Majewski,Tychy,1996-01-03,Standard
886,Ewa,Król,Katowice,1981-11-15,Standard
887,Paweł,Michalski,Zabrze,2007-05-01,Standard
888,Ewa,Kowalska,Sosnowiec,1983-01-09,Standard
889,Michał,Krawczyk,Gliwice,2005-12-27,Standard
890,Andrzej,Stępień,Katowice,1962-11-02,Standard
891,Mateusz,Nowak,Sosnowiec,1986-03-21,Standard
892,Michał,Olszewski,Bytom,1958-08-06,Premium
893,Karolina,Jaworska,Tychy,2001-09-02,Standard
894,Piotr,Adamczyk,Katowice,1967-05-10,Standard
895,Michał,Olszewski,Tychy,1995-04-26,Premium
896,Mateusz,Malinowski,Rybnik,1996-03-21,VIP
897,Katarzyna,Stępień,Bytom,2003-01-20,Standard
898,Adam,Walczak,Zabrze,2001-08-05,Premium
899,Marek,Walczak,Chorzów,1967-09-23,Standard
900,Karolina,Pawłowska,Katowice,1969-10-19,VIP
901,Zofia,Walczak,Chorzów,1978-03-23,Standard
902,Aleksandra,Olszewska,Chorzów,1968-06-12,Premium
903,Barbara,Adamczyk,Gliwice,1973-07-21,Standard
904,Marek,Dudek,Katowice,1999-03-26,Premium
905,Krystyna,Adamczyk,Zabrze,1991-11-20,Standard
906,Katarzyna,Nowak,Orzesze,1983-11-08,Standard
907,Jan,Stępień,Gliwice,1995-05-10,Standard
908,Marek,Adamczyk,Rybnik,1956-09-17,Standard
909,Mateusz,Jaworski,Zabrze,1955-11-08,Standard
910,Andrzej,Wieczorek,Sosnowiec,1963-05-03,Standard
911,Łukasz,Wójcik,Bytom,2004-12-05,Standard
912,Michał,Kaczmarek,Bytom,2003-06-29,Standard
913,Krzysztof,Król,Chorzów,1957-11-01,Standard
914,Mateusz,Michalski,Rybnik,1958-04-27,Standard
915,Piotr,Olszewski,Sosnowiec,1991-09-23,Standard
916,Jan,Dudek,Zabrze,1961-08-30,Standard
917,Kamil,Krawczyk,Rybnik,1999-11-25,Standard
918,Adam,Woźniak,Katowice,1997-11-23,Standard
919,Agnieszka,Król,Gliwice,1955-12-08,Standard
920,Jan,Rutkowski,Gliwice,1981-01-06,Standard
921,Tomasz,Jabłoński,Chorzów,1965-10-03,Standard
922,Zofia,Król,Sosnowiec,1968-06-04,Standard
923,Krystyna,Dudek,Zabrze,1959-02-28,Standard
924,Elżbieta,Wójcik,Chorzów,1993-03-24,Premium
925,Karolina,Woźniak,Gliwice,1975-09-08,Standard
926,Maria,Woźniak,Katowice,1978-09-09,Standard
927,Zofia,Majewska,Sosnowiec,1975-08-24,Standard
928,Zofia,Woźniak,Rybnik,2000-08-23,Premium
929,Magdalena,Majewska,Katowice,1956-05-12,Standard
930,Paweł,Pawłowski,Zabrze,1960-05-04,Standard
931,Marcin,Mazur,Zabrze,1999-10-06,Standard
932,Krystyna,Wójcik,Bytom,1960-04-09,Standard
933,Andrzej,Jabłoński,Katowice,1992-10-30,Standard
934,Magdalena,Rutkowska,Mikołów,2006-12-19,Standard
935,Anna,Woźniak,Sosnowiec,1969-04-12,Standard
936,Paweł,Nowak,Zabrze,1966-09-16,Standard
937,Małgorzata,Krawczyk,Tychy,1971-03-02,Standard
938,Tomasz,Kaczmarek,Bytom,1972-01-30,Premium
939,Karolina,Olszewska,Tychy,1999-12-12,Standard
940,Barbara,Witkowska,Bytom,1956-12-18,Standard
941,Natalia,Krawczyk,Zabrze,1968-02-03,Standard
942,Katarzyna,Kaczmarek,Gliwice,1955-04-19,Standard
943,Ewa,Kowalska,Zabrze,1963-04-08,Standard
944,Ewa,Wieczorek,Zabrze,1964-11-14,Standard
945,Magdalena,Malinowska,Gliwice,2004-03-08,Standard
946,Marcin,Adamczyk,Bytom,1972-01-13,Standard
947,Krzysztof,Jabłoński,Mikołów,1971-06-26,Standard
948,Kamil,Dudek,Orzesze,1955-08-11,Standard
949,Mateusz,Król,Bytom,2005-03-14,Standard
950,Marcin,Witkowski,Zabrze,2000-10-13,Standard
951,Anna,Michalska,Bytom,1959-06-17,Standard
952,Katarzyna,Woźniak,Mikołów,1997-02-15,Standard
953,Jan,Rutkowski,Orzesze,2000-01-07,Standard
954,Natalia,Michalska,Mikołów,1967-06-21,Standard
955,Mateusz,Zając,Orzesze,1996-06-30,VIP
956,Aleksandra,Majewska,Bytom,1968-01-15,Standard
957,Anna,Malinowska,Rybnik,1980-09-25,Standard
958,Aleksandra,Michalska,Gliwice,1984-03-21,Standard
959,Katarzyna,Jabłońska,Zabrze,1986-08-17,Standard
960,Aleksandra,Wójcik,Bytom,1956-10-11,Standard
961,Michał,Malinowski,Katowice,1989-10-17,Standard
962,Jakub,Malinowski,Bytom,1998-08-22,Standard
963,Katarzyna,Wójcik,Bytom,1966-11-27,Standard
964,Agnieszka,Adamczyk,Tychy,1963-12-15,Standard
965,Katarzyna,Wróbel,Rybnik,1967-10-03,Standard
966,Magdalena,Wójcik,Katowice,1970-12-25,Standard
967,Magdalena,Nowak,Tychy,1993-10-12,Standard
968,Agnieszka,Walczak,Bytom,1964-02-08,Standard
969,Mateusz,Dudek,Sosnowiec,1990-04-11,Standard
970,Paweł,Rutkowski,Orzesze,1982-04-12,Premium
971,Agnieszka,Król,Sosnowiec,1957-09-10,Standard
972,Marek,Dudek,Orzesze,1965-02-18,Standard
973,Elżbieta,Rutkowska,Tychy,1963-05-07,Standard
974,Krzysztof,Olszewski,Sosnowiec,1958-06-30,Standard
975,Magdalena,Majewska,Bytom,1994-06-16,Standard
976,Krystyna,Woźniak,Zabrze,1965-04-20,Standard
977,Anna,Zając,Orzesze,1992-04-08,Standard
978,Małgorzata,Stępień,Bytom,2001-03-09,Premium
979,Michał,Malinowski,Tychy,1973-09-08,Standard
980,Natalia,Majewska,Rybnik,1967-08-18,Standard
981,Anna,Majewska,Rybnik,1956-02-28,Standard
982,Marek,Jaworski,Bytom,1984-05-26,Premium
983,Katarzyna,Krawczyk,Mikołów,1956-01-10,Standard
984,Krystyna,Dudek,Rybnik,1972-06-09,Standard
985,Elżbieta,Adamczyk,Chorzów,1956-08-10,Standard
986,Agnieszka,Nowak,Tychy,1983-03-18,Standard
987,Elżbieta,Dudek,Tychy,1997-12-29,Standard
988,Łukasz,Rutkowski,Chorzów,1994-10-06,Standard
989,Andrzej,Kaczmarek,Zabrze,1964-12-19,Premium
990,Katarzyna,Walczak,Gliwice,2001-08-02,Standard
991,Barbara,Nowak,Katowice,1988-03-03,Standard
992,Marcin,Jabłoński,Bytom,1966-06-19,Standard
993,Ewa,Nowak,Chorzów,1962-01-15,Standard
994,Adam,Rutkowski,Tychy,1994-04-05,Standard
995,Piotr,Malinowski,Orzesze,1969-04-06,Standard
996,Jan,Walczak,Rybnik,1970-02-17,Standard
997,Paweł,Zając,Mikołów,1994-07-12,Standard
998,Piotr,Zając,Zabrze,1973-03-25,Standard
999,Magdalena,Wróbel,Tychy,1967-04-08,Standard
1000,Marcin,Zając,Mikołów,1959-08-29,Premium
